original_sentence,processed_tokens
range() fonksiyonu ne işe yarar?,Range fonksiyon işemek yarar
91534,
Python'da liste nasıl ters çevrilir?,Python List ters çevirmek
37683,
"var, let ve const farkları nelerdir?",var Unk Unk fark ne
61640,
Python'da dictionary nedir?,Python Unk ne
24786,
C# ile dosya nasıl okunur?,dosya okumak
33742,
JavaScript'te closure nedir?,Javascript Unk ne
93591,
"var, let ve const farkları nelerdir?",var Unk Unk fark ne
20243,
Arrow function nedir?,Arrow Unk ne
91318,
Python'da dictionary nedir?,Python Unk ne
57997,
Arrow function nedir?,Arrow Unk ne
94150,
Python'da liste nasıl ters çevrilir?,Python List ters çevirmek
63329,
C# ile dosya nasıl okunur?,dosya okumak
26733,
Python'da dictionary nedir?,Python Unk ne
99134,
JavaScript'te closure nedir?,Javascript Unk ne
35889,
"var, let ve const farkları nelerdir?",var Unk Unk fark ne
94923,
Algoritma nedir?,algoritma ne
70592,
Event bubbling nedir?,Event Unk ne
56633,
range() fonksiyonu ne işe yarar?,Range fonksiyon işemek yarar
37483,
Python'da liste nasıl ters çevrilir?,Python List ters çevirmek
61124,
Recursion nedir ve ne zaman kullanılır?,Unk ne zaman kullanmak
85972,
async ve await nasıl kullanılır?,Unk Unk kullanmak
72066,
Veri yapıları nelerdir?,veri yapı ne
68522,
LINQ ne işe yarar?,Unk işemek yarar
24303,
JavaScript'te promise nasıl kullanılır?,Javascript Promise kullanmak
71571,
JavaScript'te promise nasıl kullanılır?,Javascript Promise kullanmak
43292,
async ve await nasıl kullanılır?,Unk Unk kullanmak
33365,
Algoritma nedir?,algoritma ne
1955,
Arrow function nedir?,Arrow Unk ne
81406,
C# dilinde interface nedir?,dil Unk ne
3376,
JavaScript'te promise nasıl kullanılır?,Javascript Promise kullanmak
34606,
Python'da liste nasıl ters çevrilir?,Python List ters çevirmek
83559,
Veri yapıları nelerdir?,veri yapı ne
31024,
Python'da 'with' ifadesi ne işe yarar?,Python With ifade işemek yarar
2198,
Python'da 'with' ifadesi ne işe yarar?,Python With ifade işemek yarar
87175,
range() fonksiyonu ne işe yarar?,Range fonksiyon işemek yarar
58403,
Python'da dictionary nedir?,Python Unk ne
11219,
Arrow function nedir?,Arrow Unk ne
99267,
Event bubbling nedir?,Event Unk ne
85137,
Python'da liste nasıl ters çevrilir?,Python List ters çevirmek
26749,
lambda fonksiyonu nasıl kullanılır?,Lamb fonksiyon kullanmak
51542,
C# ile dosya nasıl okunur?,dosya okumak
89130,
Algoritma nedir?,algoritma ne
7975,
Recursion nedir ve ne zaman kullanılır?,Unk ne zaman kullanmak
13635,
OOP nedir ve dört temel özelliği nelerdir?,Unk ne dört temel özellik ne
30894,
Python'da liste nasıl ters çevrilir?,Python List ters çevirmek
12021,
C# dilinde interface nedir?,dil Unk ne
23513,
delegate nedir?,Unk ne
83475,
C# ile dosya nasıl okunur?,dosya okumak
23043,
Python'da dictionary nedir?,Python Unk ne
68607,
Algoritma nedir?,algoritma ne
27190,
range() fonksiyonu ne işe yarar?,Range fonksiyon işemek yarar
98112,
async ve await nasıl kullanılır?,Unk Unk kullanmak
5139,
JavaScript'te promise nasıl kullanılır?,Javascript Promise kullanmak
17935,
Recursion nedir ve ne zaman kullanılır?,Unk ne zaman kullanmak
80012,
range() fonksiyonu ne işe yarar?,Range fonksiyon işemek yarar
10220,
Algoritma nedir?,algoritma ne
41373,
Algoritma nedir?,algoritma ne
49067,
Event bubbling nedir?,Event Unk ne
788,
Veri yapıları nelerdir?,veri yapı ne
18263,
Python'da dictionary nedir?,Python Unk ne
18630,
Algoritma nedir?,algoritma ne
82610,
Recursion nedir ve ne zaman kullanılır?,Unk ne zaman kullanmak
77238,
C# dilinde interface nedir?,dil Unk ne
41362,
JavaScript'te closure nedir?,Javascript Unk ne
26172,
Python'da 'with' ifadesi ne işe yarar?,Python With ifade işemek yarar
15781,
Python'da liste nasıl ters çevrilir?,Python List ters çevirmek
8497,
JavaScript'te closure nedir?,Javascript Unk ne
59544,
C# ile dosya nasıl okunur?,dosya okumak
56667,
C# ile dosya nasıl okunur?,dosya okumak
76204,
range() fonksiyonu ne işe yarar?,Range fonksiyon işemek yarar
18570,
Arrow function nedir?,Arrow Unk ne
85288,
C# dilinde interface nedir?,dil Unk ne
50428,
Python'da dictionary nedir?,Python Unk ne
26059,
Python'da 'with' ifadesi ne işe yarar?,Python With ifade işemek yarar
91049,
"var, let ve const farkları nelerdir?",var Unk Unk fark ne
63253,
Python'da dictionary nedir?,Python Unk ne
64764,
Recursion nedir ve ne zaman kullanılır?,Unk ne zaman kullanmak
4947,
Stack ile Queue farkı nedir?,Stack Unk fark ne
1451,
OOP nedir ve dört temel özelliği nelerdir?,Unk ne dört temel özellik ne
68854,
Event bubbling nedir?,Event Unk ne
58328,
async ve await nasıl kullanılır?,Unk Unk kullanmak
35403,
C# dilinde interface nedir?,dil Unk ne
76672,
C# ile dosya nasıl okunur?,dosya okumak
72756,
Recursion nedir ve ne zaman kullanılır?,Unk ne zaman kullanmak
1509,
JavaScript'te closure nedir?,Javascript Unk ne
52860,
JavaScript'te closure nedir?,Javascript Unk ne
24763,
lambda fonksiyonu nasıl kullanılır?,Lamb fonksiyon kullanmak
65352,
JavaScript'te closure nedir?,Javascript Unk ne
78758,
range() fonksiyonu ne işe yarar?,Range fonksiyon işemek yarar
37333,
lambda fonksiyonu nasıl kullanılır?,Lamb fonksiyon kullanmak
58237,
JavaScript'te promise nasıl kullanılır?,Javascript Promise kullanmak
72832,
Python'da dictionary nedir?,Python Unk ne
94520,
Python'da 'with' ifadesi ne işe yarar?,Python With ifade işemek yarar
46287,
"var, let ve const farkları nelerdir?",var Unk Unk fark ne
24658,
JavaScript'te closure nedir?,Javascript Unk ne
47540,
OOP nedir ve dört temel özelliği nelerdir?,Unk ne dört temel özellik ne
399,
Python'da liste nasıl ters çevrilir?,Python List ters çevirmek
71997,
Python'da liste nasıl ters çevrilir?,Python List ters çevirmek
49849,
Recursion nedir ve ne zaman kullanılır?,Unk ne zaman kullanmak
54528,
C# ile dosya nasıl okunur?,dosya okumak
33521,
Python'da 'with' ifadesi ne işe yarar?,Python With ifade işemek yarar
89940,
JavaScript'te closure nedir?,Javascript Unk ne
41634,
Stack ile Queue farkı nedir?,Stack Unk fark ne
21764,
async ve await nasıl kullanılır?,Unk Unk kullanmak
38410,
Python'da dictionary nedir?,Python Unk ne
24369,
Recursion nedir ve ne zaman kullanılır?,Unk ne zaman kullanmak
7867,
Stack ile Queue farkı nedir?,Stack Unk fark ne
396,
JavaScript'te promise nasıl kullanılır?,Javascript Promise kullanmak
17147,
C# ile dosya nasıl okunur?,dosya okumak
26908,
Python'da dictionary nedir?,Python Unk ne
19552,
C# dilinde interface nedir?,dil Unk ne
31805,
delegate nedir?,Unk ne
59076,
lambda fonksiyonu nasıl kullanılır?,Lamb fonksiyon kullanmak
46968,
"var, let ve const farkları nelerdir?",var Unk Unk fark ne
20781,
Recursion nedir ve ne zaman kullanılır?,Unk ne zaman kullanmak
32066,
Arrow function nedir?,Arrow Unk ne
42789,
OOP nedir ve dört temel özelliği nelerdir?,Unk ne dört temel özellik ne
87294,
Event bubbling nedir?,Event Unk ne
70264,
Arrow function nedir?,Arrow Unk ne
62044,
Event bubbling nedir?,Event Unk ne
4962,
Python'da liste nasıl ters çevrilir?,Python List ters çevirmek
24283,
JavaScript'te promise nasıl kullanılır?,Javascript Promise kullanmak
77082,
Python'da liste nasıl ters çevrilir?,Python List ters çevirmek
76516,
Algoritma nedir?,algoritma ne
47172,
Algoritma nedir?,algoritma ne
68509,
C# ile dosya nasıl okunur?,dosya okumak
72109,
Arrow function nedir?,Arrow Unk ne
14835,
C# ile dosya nasıl okunur?,dosya okumak
12165,
async ve await nasıl kullanılır?,Unk Unk kullanmak
78902,
Python'da 'with' ifadesi ne işe yarar?,Python With ifade işemek yarar
92671,
JavaScript'te promise nasıl kullanılır?,Javascript Promise kullanmak
76531,
lambda fonksiyonu nasıl kullanılır?,Lamb fonksiyon kullanmak
12104,
Veri yapıları nelerdir?,veri yapı ne
55121,
Veri yapıları nelerdir?,veri yapı ne
15375,
LINQ ne işe yarar?,Unk işemek yarar
22677,
Python'da 'with' ifadesi ne işe yarar?,Python With ifade işemek yarar
82,
C# ile dosya nasıl okunur?,dosya okumak
70422,
Event bubbling nedir?,Event Unk ne
92384,
lambda fonksiyonu nasıl kullanılır?,Lamb fonksiyon kullanmak
46763,
C# dilinde interface nedir?,dil Unk ne
47508,
Stack ile Queue farkı nedir?,Stack Unk fark ne
21801,
Python'da dictionary nedir?,Python Unk ne
95271,
Algoritma nedir?,algoritma ne
29814,
range() fonksiyonu ne işe yarar?,Range fonksiyon işemek yarar
10327,
Algoritma nedir?,algoritma ne
94180,
Recursion nedir ve ne zaman kullanılır?,Unk ne zaman kullanmak
27971,
OOP nedir ve dört temel özelliği nelerdir?,Unk ne dört temel özellik ne
99779,
Algoritma nedir?,algoritma ne
15067,
C# dilinde interface nedir?,dil Unk ne
96075,
Algoritma nedir?,algoritma ne
59669,
JavaScript'te closure nedir?,Javascript Unk ne
60451,
Recursion nedir ve ne zaman kullanılır?,Unk ne zaman kullanmak
40117,
Python'da 'with' ifadesi ne işe yarar?,Python With ifade işemek yarar
68736,
Arrow function nedir?,Arrow Unk ne
99035,
async ve await nasıl kullanılır?,Unk Unk kullanmak
57081,
OOP nedir ve dört temel özelliği nelerdir?,Unk ne dört temel özellik ne
10049,
Stack ile Queue farkı nedir?,Stack Unk fark ne
91269,
Python'da dictionary nedir?,Python Unk ne
50383,
Python'da dictionary nedir?,Python Unk ne
8203,
async ve await nasıl kullanılır?,Unk Unk kullanmak
7152,
Python'da 'with' ifadesi ne işe yarar?,Python With ifade işemek yarar
90184,
JavaScript'te closure nedir?,Javascript Unk ne
45397,
C# dilinde interface nedir?,dil Unk ne
85649,
lambda fonksiyonu nasıl kullanılır?,Lamb fonksiyon kullanmak
6802,
delegate nedir?,Unk ne
99571,
Python'da dictionary nedir?,Python Unk ne
43521,
Python'da dictionary nedir?,Python Unk ne
52797,
Event bubbling nedir?,Event Unk ne
24911,
C# dilinde interface nedir?,dil Unk ne
15673,
delegate nedir?,Unk ne
68045,
Veri yapıları nelerdir?,veri yapı ne
65115,
async ve await nasıl kullanılır?,Unk Unk kullanmak
11234,
Event bubbling nedir?,Event Unk ne
25248,
OOP nedir ve dört temel özelliği nelerdir?,Unk ne dört temel özellik ne
7468,
C# ile dosya nasıl okunur?,dosya okumak
31497,
JavaScript'te closure nedir?,Javascript Unk ne
21837,
Algoritma nedir?,algoritma ne
18307,
Python'da dictionary nedir?,Python Unk ne
88194,
OOP nedir ve dört temel özelliği nelerdir?,Unk ne dört temel özellik ne
716,
Algoritma nedir?,algoritma ne
36294,
Veri yapıları nelerdir?,veri yapı ne
12910,
Stack ile Queue farkı nedir?,Stack Unk fark ne
98003,
LINQ ne işe yarar?,Unk işemek yarar
32215,
Algoritma nedir?,algoritma ne
4808,
OOP nedir ve dört temel özelliği nelerdir?,Unk ne dört temel özellik ne
47557,
Event bubbling nedir?,Event Unk ne
64735,
"var, let ve const farkları nelerdir?",var Unk Unk fark ne
21283,
Arrow function nedir?,Arrow Unk ne
21740,
Python'da dictionary nedir?,Python Unk ne
66263,
Event bubbling nedir?,Event Unk ne
65386,
Python'da liste nasıl ters çevrilir?,Python List ters çevirmek
82367,
delegate nedir?,Unk ne
63293,
lambda fonksiyonu nasıl kullanılır?,Lamb fonksiyon kullanmak
73984,
LINQ ne işe yarar?,Unk işemek yarar
22170,
JavaScript'te promise nasıl kullanılır?,Javascript Promise kullanmak
2108,
lambda fonksiyonu nasıl kullanılır?,Lamb fonksiyon kullanmak
27593,
lambda fonksiyonu nasıl kullanılır?,Lamb fonksiyon kullanmak
22676,
Stack ile Queue farkı nedir?,Stack Unk fark ne
87352,
Event bubbling nedir?,Event Unk ne
94711,
LINQ ne işe yarar?,Unk işemek yarar
76015,
C# ile dosya nasıl okunur?,dosya okumak
47877,
Arrow function nedir?,Arrow Unk ne
98115,
LINQ ne işe yarar?,Unk işemek yarar
28997,
Veri yapıları nelerdir?,veri yapı ne
21032,
lambda fonksiyonu nasıl kullanılır?,Lamb fonksiyon kullanmak
86977,
Python'da dictionary nedir?,Python Unk ne
38927,
range() fonksiyonu ne işe yarar?,Range fonksiyon işemek yarar
40711,
Event bubbling nedir?,Event Unk ne
1447,
JavaScript'te closure nedir?,Javascript Unk ne
65124,
Python'da dictionary nedir?,Python Unk ne
16269,
Algoritma nedir?,algoritma ne
71964,
Python'da dictionary nedir?,Python Unk ne
24060,
Arrow function nedir?,Arrow Unk ne
60317,
C# dilinde interface nedir?,dil Unk ne
43149,
Recursion nedir ve ne zaman kullanılır?,Unk ne zaman kullanmak
73988,
"var, let ve const farkları nelerdir?",var Unk Unk fark ne
57872,
range() fonksiyonu ne işe yarar?,Range fonksiyon işemek yarar
6057,
C# ile dosya nasıl okunur?,dosya okumak
83336,
Stack ile Queue farkı nedir?,Stack Unk fark ne
8460,
range() fonksiyonu ne işe yarar?,Range fonksiyon işemek yarar
49872,
Stack ile Queue farkı nedir?,Stack Unk fark ne
96824,
"var, let ve const farkları nelerdir?",var Unk Unk fark ne
85541,
Python'da 'with' ifadesi ne işe yarar?,Python With ifade işemek yarar
44762,
async ve await nasıl kullanılır?,Unk Unk kullanmak
30287,
Stack ile Queue farkı nedir?,Stack Unk fark ne
31690,
Algoritma nedir?,algoritma ne
27358,
JavaScript'te promise nasıl kullanılır?,Javascript Promise kullanmak
38465,
Python'da liste nasıl ters çevrilir?,Python List ters çevirmek
85486,
C# ile dosya nasıl okunur?,dosya okumak
80660,
lambda fonksiyonu nasıl kullanılır?,Lamb fonksiyon kullanmak
10087,
delegate nedir?,Unk ne
10896,
Python'da 'with' ifadesi ne işe yarar?,Python With ifade işemek yarar
77576,
delegate nedir?,Unk ne
80452,
Stack ile Queue farkı nedir?,Stack Unk fark ne
79883,
Python'da 'with' ifadesi ne işe yarar?,Python With ifade işemek yarar
86053,
"var, let ve const farkları nelerdir?",var Unk Unk fark ne
82620,
delegate nedir?,Unk ne
18214,
Algoritma nedir?,algoritma ne
90305,
range() fonksiyonu ne işe yarar?,Range fonksiyon işemek yarar
75338,
Python'da dictionary nedir?,Python Unk ne
5772,
async ve await nasıl kullanılır?,Unk Unk kullanmak
24639,
Veri yapıları nelerdir?,veri yapı ne
58353,
range() fonksiyonu ne işe yarar?,Range fonksiyon işemek yarar
52601,
LINQ ne işe yarar?,Unk işemek yarar
97286,
C# dilinde interface nedir?,dil Unk ne
35008,
Recursion nedir ve ne zaman kullanılır?,Unk ne zaman kullanmak
4790,
async ve await nasıl kullanılır?,Unk Unk kullanmak
35005,
lambda fonksiyonu nasıl kullanılır?,Lamb fonksiyon kullanmak
66991,
Event bubbling nedir?,Event Unk ne
47948,
Algoritma nedir?,algoritma ne
44714,
range() fonksiyonu ne işe yarar?,Range fonksiyon işemek yarar
31789,
Stack ile Queue farkı nedir?,Stack Unk fark ne
88570,
delegate nedir?,Unk ne
26569,
async ve await nasıl kullanılır?,Unk Unk kullanmak
20575,
Recursion nedir ve ne zaman kullanılır?,Unk ne zaman kullanmak
25449,
C# ile dosya nasıl okunur?,dosya okumak
80138,
C# dilinde interface nedir?,dil Unk ne
10680,
"var, let ve const farkları nelerdir?",var Unk Unk fark ne
48843,
"var, let ve const farkları nelerdir?",var Unk Unk fark ne
91188,
C# ile dosya nasıl okunur?,dosya okumak
59300,
async ve await nasıl kullanılır?,Unk Unk kullanmak
36445,
Stack ile Queue farkı nedir?,Stack Unk fark ne
91208,
Veri yapıları nelerdir?,veri yapı ne
83650,
Stack ile Queue farkı nedir?,Stack Unk fark ne
29306,
OOP nedir ve dört temel özelliği nelerdir?,Unk ne dört temel özellik ne
12286,
Event bubbling nedir?,Event Unk ne
37247,
C# dilinde interface nedir?,dil Unk ne
9607,
Recursion nedir ve ne zaman kullanılır?,Unk ne zaman kullanmak
53092,
Stack ile Queue farkı nedir?,Stack Unk fark ne
21080,
C# ile dosya nasıl okunur?,dosya okumak
81103,
C# ile dosya nasıl okunur?,dosya okumak
5152,
LINQ ne işe yarar?,Unk işemek yarar
93708,
Recursion nedir ve ne zaman kullanılır?,Unk ne zaman kullanmak
81991,
Arrow function nedir?,Arrow Unk ne
40472,
Veri yapıları nelerdir?,veri yapı ne
73003,
C# dilinde interface nedir?,dil Unk ne
90088,
delegate nedir?,Unk ne
73714,
Event bubbling nedir?,Event Unk ne
83112,
"var, let ve const farkları nelerdir?",var Unk Unk fark ne
8455,
C# ile dosya nasıl okunur?,dosya okumak
20262,
Python'da 'with' ifadesi ne işe yarar?,Python With ifade işemek yarar
95191,
Algoritma nedir?,algoritma ne
64682,
JavaScript'te promise nasıl kullanılır?,Javascript Promise kullanmak
18841,
JavaScript'te promise nasıl kullanılır?,Javascript Promise kullanmak
13117,
C# dilinde interface nedir?,dil Unk ne
97815,
range() fonksiyonu ne işe yarar?,Range fonksiyon işemek yarar
99521,
range() fonksiyonu ne işe yarar?,Range fonksiyon işemek yarar
45836,
Stack ile Queue farkı nedir?,Stack Unk fark ne
42411,
lambda fonksiyonu nasıl kullanılır?,Lamb fonksiyon kullanmak
62142,
"var, let ve const farkları nelerdir?",var Unk Unk fark ne
81995,
Arrow function nedir?,Arrow Unk ne
63837,
OOP nedir ve dört temel özelliği nelerdir?,Unk ne dört temel özellik ne
32147,
Python'da 'with' ifadesi ne işe yarar?,Python With ifade işemek yarar
82335,
C# ile dosya nasıl okunur?,dosya okumak
42022,
Event bubbling nedir?,Event Unk ne
62851,
"var, let ve const farkları nelerdir?",var Unk Unk fark ne
27079,
C# ile dosya nasıl okunur?,dosya okumak
64123,
lambda fonksiyonu nasıl kullanılır?,Lamb fonksiyon kullanmak
83805,
Arrow function nedir?,Arrow Unk ne
24297,
JavaScript'te promise nasıl kullanılır?,Javascript Promise kullanmak
67769,
Event bubbling nedir?,Event Unk ne
69412,
Arrow function nedir?,Arrow Unk ne
94156,
LINQ ne işe yarar?,Unk işemek yarar
64032,
LINQ ne işe yarar?,Unk işemek yarar
63069,
OOP nedir ve dört temel özelliği nelerdir?,Unk ne dört temel özellik ne
67383,
Python'da 'with' ifadesi ne işe yarar?,Python With ifade işemek yarar
23923,
"var, let ve const farkları nelerdir?",var Unk Unk fark ne
10548,
Veri yapıları nelerdir?,veri yapı ne
13431,
OOP nedir ve dört temel özelliği nelerdir?,Unk ne dört temel özellik ne
75834,
Recursion nedir ve ne zaman kullanılır?,Unk ne zaman kullanmak
12825,
C# dilinde interface nedir?,dil Unk ne
62772,
OOP nedir ve dört temel özelliği nelerdir?,Unk ne dört temel özellik ne
75285,
JavaScript'te promise nasıl kullanılır?,Javascript Promise kullanmak
16808,
delegate nedir?,Unk ne
31135,
JavaScript'te closure nedir?,Javascript Unk ne
45108,
Veri yapıları nelerdir?,veri yapı ne
80806,
JavaScript'te closure nedir?,Javascript Unk ne
81066,
C# ile dosya nasıl okunur?,dosya okumak
22465,
Algoritma nedir?,algoritma ne
88157,
C# ile dosya nasıl okunur?,dosya okumak
11581,
async ve await nasıl kullanılır?,Unk Unk kullanmak
7779,
Veri yapıları nelerdir?,veri yapı ne
91196,
Python'da 'with' ifadesi ne işe yarar?,Python With ifade işemek yarar
80542,
JavaScript'te promise nasıl kullanılır?,Javascript Promise kullanmak
13036,
range() fonksiyonu ne işe yarar?,Range fonksiyon işemek yarar
3457,
async ve await nasıl kullanılır?,Unk Unk kullanmak
44453,
async ve await nasıl kullanılır?,Unk Unk kullanmak
64518,
Algoritma nedir?,algoritma ne
4953,
Arrow function nedir?,Arrow Unk ne
68532,
Python'da dictionary nedir?,Python Unk ne
56822,
lambda fonksiyonu nasıl kullanılır?,Lamb fonksiyon kullanmak
33649,
Algoritma nedir?,algoritma ne
50163,
Arrow function nedir?,Arrow Unk ne
16847,
delegate nedir?,Unk ne
19401,
Event bubbling nedir?,Event Unk ne
2506,
Python'da liste nasıl ters çevrilir?,Python List ters çevirmek
72082,
Python'da liste nasıl ters çevrilir?,Python List ters çevirmek
20679,
C# ile dosya nasıl okunur?,dosya okumak
71756,
Python'da dictionary nedir?,Python Unk ne
72116,
delegate nedir?,Unk ne
17279,
OOP nedir ve dört temel özelliği nelerdir?,Unk ne dört temel özellik ne
62779,
LINQ ne işe yarar?,Unk işemek yarar
83537,
range() fonksiyonu ne işe yarar?,Range fonksiyon işemek yarar
48014,
C# dilinde interface nedir?,dil Unk ne
58291,
range() fonksiyonu ne işe yarar?,Range fonksiyon işemek yarar
34256,
Event bubbling nedir?,Event Unk ne
99048,
Arrow function nedir?,Arrow Unk ne
32551,
range() fonksiyonu ne işe yarar?,Range fonksiyon işemek yarar
40298,
Python'da dictionary nedir?,Python Unk ne
9218,
OOP nedir ve dört temel özelliği nelerdir?,Unk ne dört temel özellik ne
95382,
Algoritma nedir?,algoritma ne
88878,
Veri yapıları nelerdir?,veri yapı ne
19657,
JavaScript'te promise nasıl kullanılır?,Javascript Promise kullanmak
93967,
delegate nedir?,Unk ne
31580,
lambda fonksiyonu nasıl kullanılır?,Lamb fonksiyon kullanmak
68580,
Arrow function nedir?,Arrow Unk ne
38634,
range() fonksiyonu ne işe yarar?,Range fonksiyon işemek yarar
26333,
lambda fonksiyonu nasıl kullanılır?,Lamb fonksiyon kullanmak
80902,
Python'da 'with' ifadesi ne işe yarar?,Python With ifade işemek yarar
29497,
lambda fonksiyonu nasıl kullanılır?,Lamb fonksiyon kullanmak
7202,
C# dilinde interface nedir?,dil Unk ne
89844,
OOP nedir ve dört temel özelliği nelerdir?,Unk ne dört temel özellik ne
76853,
lambda fonksiyonu nasıl kullanılır?,Lamb fonksiyon kullanmak
46387,
Python'da liste nasıl ters çevrilir?,Python List ters çevirmek
709,
C# ile dosya nasıl okunur?,dosya okumak
91982,
lambda fonksiyonu nasıl kullanılır?,Lamb fonksiyon kullanmak
90046,
"var, let ve const farkları nelerdir?",var Unk Unk fark ne
52887,
C# ile dosya nasıl okunur?,dosya okumak
61966,
Python'da liste nasıl ters çevrilir?,Python List ters çevirmek
96984,
Python'da liste nasıl ters çevrilir?,Python List ters çevirmek
22021,
Stack ile Queue farkı nedir?,Stack Unk fark ne
81456,
"var, let ve const farkları nelerdir?",var Unk Unk fark ne
65468,
Algoritma nedir?,algoritma ne
54370,
OOP nedir ve dört temel özelliği nelerdir?,Unk ne dört temel özellik ne
44100,
lambda fonksiyonu nasıl kullanılır?,Lamb fonksiyon kullanmak
41464,
Stack ile Queue farkı nedir?,Stack Unk fark ne
74928,
lambda fonksiyonu nasıl kullanılır?,Lamb fonksiyon kullanmak
25731,
async ve await nasıl kullanılır?,Unk Unk kullanmak
63584,
C# ile dosya nasıl okunur?,dosya okumak
31052,
range() fonksiyonu ne işe yarar?,Range fonksiyon işemek yarar
63055,
JavaScript'te closure nedir?,Javascript Unk ne
87051,
lambda fonksiyonu nasıl kullanılır?,Lamb fonksiyon kullanmak
71599,
JavaScript'te closure nedir?,Javascript Unk ne
6021,
LINQ ne işe yarar?,Unk işemek yarar
38912,
Python'da dictionary nedir?,Python Unk ne
50407,
range() fonksiyonu ne işe yarar?,Range fonksiyon işemek yarar
92202,
"var, let ve const farkları nelerdir?",var Unk Unk fark ne
88058,
C# dilinde interface nedir?,dil Unk ne
64689,
LINQ ne işe yarar?,Unk işemek yarar
58173,
async ve await nasıl kullanılır?,Unk Unk kullanmak
53904,
Python'da liste nasıl ters çevrilir?,Python List ters çevirmek
26290,
delegate nedir?,Unk ne
61964,
lambda fonksiyonu nasıl kullanılır?,Lamb fonksiyon kullanmak
12230,
async ve await nasıl kullanılır?,Unk Unk kullanmak
85840,
C# dilinde interface nedir?,dil Unk ne
17179,
Python'da dictionary nedir?,Python Unk ne
28572,
JavaScript'te promise nasıl kullanılır?,Javascript Promise kullanmak
67592,
C# ile dosya nasıl okunur?,dosya okumak
91312,
LINQ ne işe yarar?,Unk işemek yarar
23798,
Veri yapıları nelerdir?,veri yapı ne
94335,
LINQ ne işe yarar?,Unk işemek yarar
12458,
Python'da liste nasıl ters çevrilir?,Python List ters çevirmek
20627,
"var, let ve const farkları nelerdir?",var Unk Unk fark ne
6660,
LINQ ne işe yarar?,Unk işemek yarar
61978,
Recursion nedir ve ne zaman kullanılır?,Unk ne zaman kullanmak
73064,
Stack ile Queue farkı nedir?,Stack Unk fark ne
73142,
C# ile dosya nasıl okunur?,dosya okumak
36192,
OOP nedir ve dört temel özelliği nelerdir?,Unk ne dört temel özellik ne
3101,
Algoritma nedir?,algoritma ne
34288,
Python'da 'with' ifadesi ne işe yarar?,Python With ifade işemek yarar
39922,
C# ile dosya nasıl okunur?,dosya okumak
60516,
Arrow function nedir?,Arrow Unk ne
89188,
Veri yapıları nelerdir?,veri yapı ne
13537,
OOP nedir ve dört temel özelliği nelerdir?,Unk ne dört temel özellik ne
39725,
JavaScript'te closure nedir?,Javascript Unk ne
2852,
Arrow function nedir?,Arrow Unk ne
25733,
"var, let ve const farkları nelerdir?",var Unk Unk fark ne
19300,
Recursion nedir ve ne zaman kullanılır?,Unk ne zaman kullanmak
81844,
Stack ile Queue farkı nedir?,Stack Unk fark ne
31473,
Python'da 'with' ifadesi ne işe yarar?,Python With ifade işemek yarar
16892,
LINQ ne işe yarar?,Unk işemek yarar
35734,
async ve await nasıl kullanılır?,Unk Unk kullanmak
30644,
async ve await nasıl kullanılır?,Unk Unk kullanmak
34388,
C# ile dosya nasıl okunur?,dosya okumak
33441,
C# ile dosya nasıl okunur?,dosya okumak
50953,
delegate nedir?,Unk ne
90322,
Stack ile Queue farkı nedir?,Stack Unk fark ne
53225,
JavaScript'te closure nedir?,Javascript Unk ne
16673,
JavaScript'te closure nedir?,Javascript Unk ne
37268,
JavaScript'te promise nasıl kullanılır?,Javascript Promise kullanmak
21146,
lambda fonksiyonu nasıl kullanılır?,Lamb fonksiyon kullanmak
81450,
Python'da liste nasıl ters çevrilir?,Python List ters çevirmek
74369,
Arrow function nedir?,Arrow Unk ne
11840,
C# ile dosya nasıl okunur?,dosya okumak
10342,
Python'da liste nasıl ters çevrilir?,Python List ters çevirmek
54795,
JavaScript'te promise nasıl kullanılır?,Javascript Promise kullanmak
64417,
Python'da 'with' ifadesi ne işe yarar?,Python With ifade işemek yarar
30465,
Stack ile Queue farkı nedir?,Stack Unk fark ne
33056,
Stack ile Queue farkı nedir?,Stack Unk fark ne
56112,
Stack ile Queue farkı nedir?,Stack Unk fark ne
26189,
Recursion nedir ve ne zaman kullanılır?,Unk ne zaman kullanmak
74960,
Recursion nedir ve ne zaman kullanılır?,Unk ne zaman kullanmak
72187,
JavaScript'te closure nedir?,Javascript Unk ne
64539,
Recursion nedir ve ne zaman kullanılır?,Unk ne zaman kullanmak
64794,
lambda fonksiyonu nasıl kullanılır?,Lamb fonksiyon kullanmak
68739,
JavaScript'te closure nedir?,Javascript Unk ne
64959,
Python'da dictionary nedir?,Python Unk ne
56213,
C# ile dosya nasıl okunur?,dosya okumak
75848,
delegate nedir?,Unk ne
64590,
OOP nedir ve dört temel özelliği nelerdir?,Unk ne dört temel özellik ne
52357,
"var, let ve const farkları nelerdir?",var Unk Unk fark ne
38439,
JavaScript'te closure nedir?,Javascript Unk ne
15088,
lambda fonksiyonu nasıl kullanılır?,Lamb fonksiyon kullanmak
94440,
range() fonksiyonu ne işe yarar?,Range fonksiyon işemek yarar
89274,
JavaScript'te closure nedir?,Javascript Unk ne
75994,
JavaScript'te closure nedir?,Javascript Unk ne
6948,
Stack ile Queue farkı nedir?,Stack Unk fark ne
66164,
LINQ ne işe yarar?,Unk işemek yarar
77681,
Arrow function nedir?,Arrow Unk ne
28440,
JavaScript'te closure nedir?,Javascript Unk ne
80278,
C# dilinde interface nedir?,dil Unk ne
71821,
range() fonksiyonu ne işe yarar?,Range fonksiyon işemek yarar
71871,
Stack ile Queue farkı nedir?,Stack Unk fark ne
30274,
Algoritma nedir?,algoritma ne
58044,
OOP nedir ve dört temel özelliği nelerdir?,Unk ne dört temel özellik ne
95553,
OOP nedir ve dört temel özelliği nelerdir?,Unk ne dört temel özellik ne
50800,
Python'da 'with' ifadesi ne işe yarar?,Python With ifade işemek yarar
40019,
LINQ ne işe yarar?,Unk işemek yarar
31651,
range() fonksiyonu ne işe yarar?,Range fonksiyon işemek yarar
202,
JavaScript'te closure nedir?,Javascript Unk ne
3262,
LINQ ne işe yarar?,Unk işemek yarar
18487,
C# dilinde interface nedir?,dil Unk ne
56227,
Stack ile Queue farkı nedir?,Stack Unk fark ne
70223,
range() fonksiyonu ne işe yarar?,Range fonksiyon işemek yarar
65221,
Python'da dictionary nedir?,Python Unk ne
55406,
LINQ ne işe yarar?,Unk işemek yarar
71359,
C# ile dosya nasıl okunur?,dosya okumak
6469,
Algoritma nedir?,algoritma ne
84879,
range() fonksiyonu ne işe yarar?,Range fonksiyon işemek yarar
35150,
Stack ile Queue farkı nedir?,Stack Unk fark ne
68885,
delegate nedir?,Unk ne
86566,
async ve await nasıl kullanılır?,Unk Unk kullanmak
59276,
Stack ile Queue farkı nedir?,Stack Unk fark ne
67583,
Veri yapıları nelerdir?,veri yapı ne
27962,
Python'da liste nasıl ters çevrilir?,Python List ters çevirmek
98749,
delegate nedir?,Unk ne
88126,
LINQ ne işe yarar?,Unk işemek yarar
99050,
JavaScript'te closure nedir?,Javascript Unk ne
39991,
Algoritma nedir?,algoritma ne
60773,
Python'da liste nasıl ters çevrilir?,Python List ters çevirmek
25058,
Recursion nedir ve ne zaman kullanılır?,Unk ne zaman kullanmak
56268,
LINQ ne işe yarar?,Unk işemek yarar
8011,
async ve await nasıl kullanılır?,Unk Unk kullanmak
33373,
delegate nedir?,Unk ne
39767,
LINQ ne işe yarar?,Unk işemek yarar
87395,
LINQ ne işe yarar?,Unk işemek yarar
70875,
delegate nedir?,Unk ne
19240,
Recursion nedir ve ne zaman kullanılır?,Unk ne zaman kullanmak
85132,
async ve await nasıl kullanılır?,Unk Unk kullanmak
22721,
range() fonksiyonu ne işe yarar?,Range fonksiyon işemek yarar
23243,
lambda fonksiyonu nasıl kullanılır?,Lamb fonksiyon kullanmak
30881,
Python'da 'with' ifadesi ne işe yarar?,Python With ifade işemek yarar
17320,
Python'da liste nasıl ters çevrilir?,Python List ters çevirmek
61146,
JavaScript'te closure nedir?,Javascript Unk ne
46893,
async ve await nasıl kullanılır?,Unk Unk kullanmak
27611,
LINQ ne işe yarar?,Unk işemek yarar
85269,
Algoritma nedir?,algoritma ne
98734,
OOP nedir ve dört temel özelliği nelerdir?,Unk ne dört temel özellik ne
27362,
C# ile dosya nasıl okunur?,dosya okumak
32106,
Algoritma nedir?,algoritma ne
81414,
Python'da dictionary nedir?,Python Unk ne
74252,
Veri yapıları nelerdir?,veri yapı ne
56056,
Python'da 'with' ifadesi ne işe yarar?,Python With ifade işemek yarar
42088,
Arrow function nedir?,Arrow Unk ne
5913,
Arrow function nedir?,Arrow Unk ne
81848,
JavaScript'te closure nedir?,Javascript Unk ne
9760,
JavaScript'te promise nasıl kullanılır?,Javascript Promise kullanmak
55993,
Recursion nedir ve ne zaman kullanılır?,Unk ne zaman kullanmak
83054,
"var, let ve const farkları nelerdir?",var Unk Unk fark ne
15567,
JavaScript'te promise nasıl kullanılır?,Javascript Promise kullanmak
46835,
Event bubbling nedir?,Event Unk ne
65919,
async ve await nasıl kullanılır?,Unk Unk kullanmak
17585,
Veri yapıları nelerdir?,veri yapı ne
88123,
lambda fonksiyonu nasıl kullanılır?,Lamb fonksiyon kullanmak
51639,
Event bubbling nedir?,Event Unk ne
92559,
Algoritma nedir?,algoritma ne
10530,
OOP nedir ve dört temel özelliği nelerdir?,Unk ne dört temel özellik ne
32482,
Python'da liste nasıl ters çevrilir?,Python List ters çevirmek
75450,
Python'da 'with' ifadesi ne işe yarar?,Python With ifade işemek yarar
33987,
C# ile dosya nasıl okunur?,dosya okumak
24820,
LINQ ne işe yarar?,Unk işemek yarar
28772,
delegate nedir?,Unk ne
16870,
C# ile dosya nasıl okunur?,dosya okumak
44768,
lambda fonksiyonu nasıl kullanılır?,Lamb fonksiyon kullanmak
25245,
