Kategori,Soru
Python,range() fonksiyonu ne işe yarar? 91534
Python,Python'da liste nasıl ters çevrilir? 37683
JavaScript,"var, let ve const farkları nelerdir? 61640"
Python,Python'da dictionary nedir? 24786
C#,C# ile dosya nasıl okunur? 33742
JavaScript,JavaScript'te closure nedir? 93591
JavaScript,"var, let ve const farkları nelerdir? 20243"
JavaScript,Arrow function nedir? 91318
Python,Python'da dictionary nedir? 57997
JavaScript,Arrow function nedir? 94150
Python,Python'da liste nasıl ters çevrilir? 63329
C#,C# ile dosya nasıl okunur? 26733
Python,Python'da dictionary nedir? 99134
JavaScript,JavaScript'te closure nedir? 35889
JavaScript,"var, let ve const farkları nelerdir? 94923"
Genel,Algoritma nedir? 70592
JavaScript,Event bubbling nedir? 56633
Python,range() fonksiyonu ne işe yarar? 37483
Python,Python'da liste nasıl ters çevrilir? 61124
Genel,Recursion nedir ve ne zaman kullanılır? 85972
C#,async ve await nasıl kullanılır? 72066
Genel,Veri yapıları nelerdir? 68522
C#,LINQ ne işe yarar? 24303
JavaScript,JavaScript'te promise nasıl kullanılır? 71571
JavaScript,JavaScript'te promise nasıl kullanılır? 43292
C#,async ve await nasıl kullanılır? 33365
Genel,Algoritma nedir? 1955
JavaScript,Arrow function nedir? 81406
C#,C# dilinde interface nedir? 3376
JavaScript,JavaScript'te promise nasıl kullanılır? 34606
Python,Python'da liste nasıl ters çevrilir? 83559
Genel,Veri yapıları nelerdir? 31024
Python,Python'da 'with' ifadesi ne işe yarar? 2198
Python,Python'da 'with' ifadesi ne işe yarar? 87175
Python,range() fonksiyonu ne işe yarar? 58403
Python,Python'da dictionary nedir? 11219
JavaScript,Arrow function nedir? 99267
JavaScript,Event bubbling nedir? 85137
Python,Python'da liste nasıl ters çevrilir? 26749
Python,lambda fonksiyonu nasıl kullanılır? 51542
C#,C# ile dosya nasıl okunur? 89130
Genel,Algoritma nedir? 7975
Genel,Recursion nedir ve ne zaman kullanılır? 13635
Genel,OOP nedir ve dört temel özelliği nelerdir? 30894
Python,Python'da liste nasıl ters çevrilir? 12021
C#,C# dilinde interface nedir? 23513
C#,delegate nedir? 83475
C#,C# ile dosya nasıl okunur? 23043
Python,Python'da dictionary nedir? 68607
Genel,Algoritma nedir? 27190
Python,range() fonksiyonu ne işe yarar? 98112
C#,async ve await nasıl kullanılır? 5139
JavaScript,JavaScript'te promise nasıl kullanılır? 17935
Genel,Recursion nedir ve ne zaman kullanılır? 80012
Python,range() fonksiyonu ne işe yarar? 10220
Genel,Algoritma nedir? 41373
Genel,Algoritma nedir? 49067
JavaScript,Event bubbling nedir? 788
Genel,Veri yapıları nelerdir? 18263
Python,Python'da dictionary nedir? 18630
Genel,Algoritma nedir? 82610
Genel,Recursion nedir ve ne zaman kullanılır? 77238
C#,C# dilinde interface nedir? 41362
JavaScript,JavaScript'te closure nedir? 26172
Python,Python'da 'with' ifadesi ne işe yarar? 15781
Python,Python'da liste nasıl ters çevrilir? 8497
JavaScript,JavaScript'te closure nedir? 59544
C#,C# ile dosya nasıl okunur? 56667
C#,C# ile dosya nasıl okunur? 76204
Python,range() fonksiyonu ne işe yarar? 18570
JavaScript,Arrow function nedir? 85288
C#,C# dilinde interface nedir? 50428
Python,Python'da dictionary nedir? 26059
Python,Python'da 'with' ifadesi ne işe yarar? 91049
JavaScript,"var, let ve const farkları nelerdir? 63253"
Python,Python'da dictionary nedir? 64764
Genel,Recursion nedir ve ne zaman kullanılır? 4947
Genel,Stack ile Queue farkı nedir? 1451
Genel,OOP nedir ve dört temel özelliği nelerdir? 68854
JavaScript,Event bubbling nedir? 58328
C#,async ve await nasıl kullanılır? 35403
C#,C# dilinde interface nedir? 76672
C#,C# ile dosya nasıl okunur? 72756
Genel,Recursion nedir ve ne zaman kullanılır? 1509
JavaScript,JavaScript'te closure nedir? 52860
JavaScript,JavaScript'te closure nedir? 24763
Python,lambda fonksiyonu nasıl kullanılır? 65352
JavaScript,JavaScript'te closure nedir? 78758
Python,range() fonksiyonu ne işe yarar? 37333
Python,lambda fonksiyonu nasıl kullanılır? 58237
JavaScript,JavaScript'te promise nasıl kullanılır? 72832
Python,Python'da dictionary nedir? 94520
Python,Python'da 'with' ifadesi ne işe yarar? 46287
JavaScript,"var, let ve const farkları nelerdir? 24658"
JavaScript,JavaScript'te closure nedir? 47540
Genel,OOP nedir ve dört temel özelliği nelerdir? 399
Python,Python'da liste nasıl ters çevrilir? 71997
Python,Python'da liste nasıl ters çevrilir? 49849
Genel,Recursion nedir ve ne zaman kullanılır? 54528
C#,C# ile dosya nasıl okunur? 33521
Python,Python'da 'with' ifadesi ne işe yarar? 89940
JavaScript,JavaScript'te closure nedir? 41634
Genel,Stack ile Queue farkı nedir? 21764
C#,async ve await nasıl kullanılır? 38410
Python,Python'da dictionary nedir? 24369
Genel,Recursion nedir ve ne zaman kullanılır? 7867
Genel,Stack ile Queue farkı nedir? 396
JavaScript,JavaScript'te promise nasıl kullanılır? 17147
C#,C# ile dosya nasıl okunur? 26908
Python,Python'da dictionary nedir? 19552
C#,C# dilinde interface nedir? 31805
C#,delegate nedir? 59076
Python,lambda fonksiyonu nasıl kullanılır? 46968
JavaScript,"var, let ve const farkları nelerdir? 20781"
Genel,Recursion nedir ve ne zaman kullanılır? 32066
JavaScript,Arrow function nedir? 42789
Genel,OOP nedir ve dört temel özelliği nelerdir? 87294
JavaScript,Event bubbling nedir? 70264
JavaScript,Arrow function nedir? 62044
JavaScript,Event bubbling nedir? 4962
Python,Python'da liste nasıl ters çevrilir? 24283
JavaScript,JavaScript'te promise nasıl kullanılır? 77082
Python,Python'da liste nasıl ters çevrilir? 76516
Genel,Algoritma nedir? 47172
Genel,Algoritma nedir? 68509
C#,C# ile dosya nasıl okunur? 72109
JavaScript,Arrow function nedir? 14835
C#,C# ile dosya nasıl okunur? 12165
C#,async ve await nasıl kullanılır? 78902
Python,Python'da 'with' ifadesi ne işe yarar? 92671
JavaScript,JavaScript'te promise nasıl kullanılır? 76531
Python,lambda fonksiyonu nasıl kullanılır? 12104
Genel,Veri yapıları nelerdir? 55121
Genel,Veri yapıları nelerdir? 15375
C#,LINQ ne işe yarar? 22677
Python,Python'da 'with' ifadesi ne işe yarar? 82
C#,C# ile dosya nasıl okunur? 70422
JavaScript,Event bubbling nedir? 92384
Python,lambda fonksiyonu nasıl kullanılır? 46763
C#,C# dilinde interface nedir? 47508
Genel,Stack ile Queue farkı nedir? 21801
Python,Python'da dictionary nedir? 95271
Genel,Algoritma nedir? 29814
Python,range() fonksiyonu ne işe yarar? 10327
Genel,Algoritma nedir? 94180
Genel,Recursion nedir ve ne zaman kullanılır? 27971
Genel,OOP nedir ve dört temel özelliği nelerdir? 99779
Genel,Algoritma nedir? 15067
C#,C# dilinde interface nedir? 96075
Genel,Algoritma nedir? 59669
JavaScript,JavaScript'te closure nedir? 60451
Genel,Recursion nedir ve ne zaman kullanılır? 40117
Python,Python'da 'with' ifadesi ne işe yarar? 68736
JavaScript,Arrow function nedir? 99035
C#,async ve await nasıl kullanılır? 57081
Genel,OOP nedir ve dört temel özelliği nelerdir? 10049
Genel,Stack ile Queue farkı nedir? 91269
Python,Python'da dictionary nedir? 50383
Python,Python'da dictionary nedir? 8203
C#,async ve await nasıl kullanılır? 7152
Python,Python'da 'with' ifadesi ne işe yarar? 90184
JavaScript,JavaScript'te closure nedir? 45397
C#,C# dilinde interface nedir? 85649
Python,lambda fonksiyonu nasıl kullanılır? 6802
C#,delegate nedir? 99571
Python,Python'da dictionary nedir? 43521
Python,Python'da dictionary nedir? 52797
JavaScript,Event bubbling nedir? 24911
C#,C# dilinde interface nedir? 15673
C#,delegate nedir? 68045
Genel,Veri yapıları nelerdir? 65115
C#,async ve await nasıl kullanılır? 11234
JavaScript,Event bubbling nedir? 25248
Genel,OOP nedir ve dört temel özelliği nelerdir? 7468
C#,C# ile dosya nasıl okunur? 31497
JavaScript,JavaScript'te closure nedir? 21837
Genel,Algoritma nedir? 18307
Python,Python'da dictionary nedir? 88194
Genel,OOP nedir ve dört temel özelliği nelerdir? 716
Genel,Algoritma nedir? 36294
Genel,Veri yapıları nelerdir? 12910
Genel,Stack ile Queue farkı nedir? 98003
C#,LINQ ne işe yarar? 32215
Genel,Algoritma nedir? 4808
Genel,OOP nedir ve dört temel özelliği nelerdir? 47557
JavaScript,Event bubbling nedir? 64735
JavaScript,"var, let ve const farkları nelerdir? 21283"
JavaScript,Arrow function nedir? 21740
Python,Python'da dictionary nedir? 66263
JavaScript,Event bubbling nedir? 65386
Python,Python'da liste nasıl ters çevrilir? 82367
C#,delegate nedir? 63293
Python,lambda fonksiyonu nasıl kullanılır? 73984
C#,LINQ ne işe yarar? 22170
JavaScript,JavaScript'te promise nasıl kullanılır? 2108
Python,lambda fonksiyonu nasıl kullanılır? 27593
Python,lambda fonksiyonu nasıl kullanılır? 22676
Genel,Stack ile Queue farkı nedir? 87352
JavaScript,Event bubbling nedir? 94711
C#,LINQ ne işe yarar? 76015
C#,C# ile dosya nasıl okunur? 47877
JavaScript,Arrow function nedir? 98115
C#,LINQ ne işe yarar? 28997
Genel,Veri yapıları nelerdir? 21032
Python,lambda fonksiyonu nasıl kullanılır? 86977
Python,Python'da dictionary nedir? 38927
Python,range() fonksiyonu ne işe yarar? 40711
JavaScript,Event bubbling nedir? 1447
JavaScript,JavaScript'te closure nedir? 65124
Python,Python'da dictionary nedir? 16269
Genel,Algoritma nedir? 71964
Python,Python'da dictionary nedir? 24060
JavaScript,Arrow function nedir? 60317
C#,C# dilinde interface nedir? 43149
Genel,Recursion nedir ve ne zaman kullanılır? 73988
JavaScript,"var, let ve const farkları nelerdir? 57872"
Python,range() fonksiyonu ne işe yarar? 6057
C#,C# ile dosya nasıl okunur? 83336
Genel,Stack ile Queue farkı nedir? 8460
Python,range() fonksiyonu ne işe yarar? 49872
Genel,Stack ile Queue farkı nedir? 96824
JavaScript,"var, let ve const farkları nelerdir? 85541"
Python,Python'da 'with' ifadesi ne işe yarar? 44762
C#,async ve await nasıl kullanılır? 30287
Genel,Stack ile Queue farkı nedir? 31690
Genel,Algoritma nedir? 27358
JavaScript,JavaScript'te promise nasıl kullanılır? 38465
Python,Python'da liste nasıl ters çevrilir? 85486
C#,C# ile dosya nasıl okunur? 80660
Python,lambda fonksiyonu nasıl kullanılır? 10087
C#,delegate nedir? 10896
Python,Python'da 'with' ifadesi ne işe yarar? 77576
C#,delegate nedir? 80452
Genel,Stack ile Queue farkı nedir? 79883
Python,Python'da 'with' ifadesi ne işe yarar? 86053
JavaScript,"var, let ve const farkları nelerdir? 82620"
C#,delegate nedir? 18214
Genel,Algoritma nedir? 90305
Python,range() fonksiyonu ne işe yarar? 75338
Python,Python'da dictionary nedir? 5772
C#,async ve await nasıl kullanılır? 24639
Genel,Veri yapıları nelerdir? 58353
Python,range() fonksiyonu ne işe yarar? 52601
C#,LINQ ne işe yarar? 97286
C#,C# dilinde interface nedir? 35008
Genel,Recursion nedir ve ne zaman kullanılır? 4790
C#,async ve await nasıl kullanılır? 35005
Python,lambda fonksiyonu nasıl kullanılır? 66991
JavaScript,Event bubbling nedir? 47948
Genel,Algoritma nedir? 44714
Python,range() fonksiyonu ne işe yarar? 31789
Genel,Stack ile Queue farkı nedir? 88570
C#,delegate nedir? 26569
C#,async ve await nasıl kullanılır? 20575
Genel,Recursion nedir ve ne zaman kullanılır? 25449
C#,C# ile dosya nasıl okunur? 80138
C#,C# dilinde interface nedir? 10680
JavaScript,"var, let ve const farkları nelerdir? 48843"
JavaScript,"var, let ve const farkları nelerdir? 91188"
C#,C# ile dosya nasıl okunur? 59300
C#,async ve await nasıl kullanılır? 36445
Genel,Stack ile Queue farkı nedir? 91208
Genel,Veri yapıları nelerdir? 83650
Genel,Stack ile Queue farkı nedir? 29306
Genel,OOP nedir ve dört temel özelliği nelerdir? 12286
JavaScript,Event bubbling nedir? 37247
C#,C# dilinde interface nedir? 9607
Genel,Recursion nedir ve ne zaman kullanılır? 53092
Genel,Stack ile Queue farkı nedir? 21080
C#,C# ile dosya nasıl okunur? 81103
C#,C# ile dosya nasıl okunur? 5152
C#,LINQ ne işe yarar? 93708
Genel,Recursion nedir ve ne zaman kullanılır? 81991
JavaScript,Arrow function nedir? 40472
Genel,Veri yapıları nelerdir? 73003
C#,C# dilinde interface nedir? 90088
C#,delegate nedir? 73714
JavaScript,Event bubbling nedir? 83112
JavaScript,"var, let ve const farkları nelerdir? 8455"
C#,C# ile dosya nasıl okunur? 20262
Python,Python'da 'with' ifadesi ne işe yarar? 95191
Genel,Algoritma nedir? 64682
JavaScript,JavaScript'te promise nasıl kullanılır? 18841
JavaScript,JavaScript'te promise nasıl kullanılır? 13117
C#,C# dilinde interface nedir? 97815
Python,range() fonksiyonu ne işe yarar? 99521
Python,range() fonksiyonu ne işe yarar? 45836
Genel,Stack ile Queue farkı nedir? 42411
Python,lambda fonksiyonu nasıl kullanılır? 62142
JavaScript,"var, let ve const farkları nelerdir? 81995"
JavaScript,Arrow function nedir? 63837
Genel,OOP nedir ve dört temel özelliği nelerdir? 32147
Python,Python'da 'with' ifadesi ne işe yarar? 82335
C#,C# ile dosya nasıl okunur? 42022
JavaScript,Event bubbling nedir? 62851
JavaScript,"var, let ve const farkları nelerdir? 27079"
C#,C# ile dosya nasıl okunur? 64123
Python,lambda fonksiyonu nasıl kullanılır? 83805
JavaScript,Arrow function nedir? 24297
JavaScript,JavaScript'te promise nasıl kullanılır? 67769
JavaScript,Event bubbling nedir? 69412
JavaScript,Arrow function nedir? 94156
C#,LINQ ne işe yarar? 64032
C#,LINQ ne işe yarar? 63069
Genel,OOP nedir ve dört temel özelliği nelerdir? 67383
Python,Python'da 'with' ifadesi ne işe yarar? 23923
JavaScript,"var, let ve const farkları nelerdir? 10548"
Genel,Veri yapıları nelerdir? 13431
Genel,OOP nedir ve dört temel özelliği nelerdir? 75834
Genel,Recursion nedir ve ne zaman kullanılır? 12825
C#,C# dilinde interface nedir? 62772
Genel,OOP nedir ve dört temel özelliği nelerdir? 75285
JavaScript,JavaScript'te promise nasıl kullanılır? 16808
C#,delegate nedir? 31135
JavaScript,JavaScript'te closure nedir? 45108
Genel,Veri yapıları nelerdir? 80806
JavaScript,JavaScript'te closure nedir? 81066
C#,C# ile dosya nasıl okunur? 22465
Genel,Algoritma nedir? 88157
C#,C# ile dosya nasıl okunur? 11581
C#,async ve await nasıl kullanılır? 7779
Genel,Veri yapıları nelerdir? 91196
Python,Python'da 'with' ifadesi ne işe yarar? 80542
JavaScript,JavaScript'te promise nasıl kullanılır? 13036
Python,range() fonksiyonu ne işe yarar? 3457
C#,async ve await nasıl kullanılır? 44453
C#,async ve await nasıl kullanılır? 64518
Genel,Algoritma nedir? 4953
JavaScript,Arrow function nedir? 68532
Python,Python'da dictionary nedir? 56822
Python,lambda fonksiyonu nasıl kullanılır? 33649
Genel,Algoritma nedir? 50163
JavaScript,Arrow function nedir? 16847
C#,delegate nedir? 19401
JavaScript,Event bubbling nedir? 2506
Python,Python'da liste nasıl ters çevrilir? 72082
Python,Python'da liste nasıl ters çevrilir? 20679
C#,C# ile dosya nasıl okunur? 71756
Python,Python'da dictionary nedir? 72116
C#,delegate nedir? 17279
Genel,OOP nedir ve dört temel özelliği nelerdir? 62779
C#,LINQ ne işe yarar? 83537
Python,range() fonksiyonu ne işe yarar? 48014
C#,C# dilinde interface nedir? 58291
Python,range() fonksiyonu ne işe yarar? 34256
JavaScript,Event bubbling nedir? 99048
JavaScript,Arrow function nedir? 32551
Python,range() fonksiyonu ne işe yarar? 40298
Python,Python'da dictionary nedir? 9218
Genel,OOP nedir ve dört temel özelliği nelerdir? 95382
Genel,Algoritma nedir? 88878
Genel,Veri yapıları nelerdir? 19657
JavaScript,JavaScript'te promise nasıl kullanılır? 93967
C#,delegate nedir? 31580
Python,lambda fonksiyonu nasıl kullanılır? 68580
JavaScript,Arrow function nedir? 38634
Python,range() fonksiyonu ne işe yarar? 26333
Python,lambda fonksiyonu nasıl kullanılır? 80902
Python,Python'da 'with' ifadesi ne işe yarar? 29497
Python,lambda fonksiyonu nasıl kullanılır? 7202
C#,C# dilinde interface nedir? 89844
Genel,OOP nedir ve dört temel özelliği nelerdir? 76853
Python,lambda fonksiyonu nasıl kullanılır? 46387
Python,Python'da liste nasıl ters çevrilir? 709
C#,C# ile dosya nasıl okunur? 91982
Python,lambda fonksiyonu nasıl kullanılır? 90046
JavaScript,"var, let ve const farkları nelerdir? 52887"
C#,C# ile dosya nasıl okunur? 61966
Python,Python'da liste nasıl ters çevrilir? 96984
Python,Python'da liste nasıl ters çevrilir? 22021
Genel,Stack ile Queue farkı nedir? 81456
JavaScript,"var, let ve const farkları nelerdir? 65468"
Genel,Algoritma nedir? 54370
Genel,OOP nedir ve dört temel özelliği nelerdir? 44100
Python,lambda fonksiyonu nasıl kullanılır? 41464
Genel,Stack ile Queue farkı nedir? 74928
Python,lambda fonksiyonu nasıl kullanılır? 25731
C#,async ve await nasıl kullanılır? 63584
C#,C# ile dosya nasıl okunur? 31052
Python,range() fonksiyonu ne işe yarar? 63055
JavaScript,JavaScript'te closure nedir? 87051
Python,lambda fonksiyonu nasıl kullanılır? 71599
JavaScript,JavaScript'te closure nedir? 6021
C#,LINQ ne işe yarar? 38912
Python,Python'da dictionary nedir? 50407
Python,range() fonksiyonu ne işe yarar? 92202
JavaScript,"var, let ve const farkları nelerdir? 88058"
C#,C# dilinde interface nedir? 64689
C#,LINQ ne işe yarar? 58173
C#,async ve await nasıl kullanılır? 53904
Python,Python'da liste nasıl ters çevrilir? 26290
C#,delegate nedir? 61964
Python,lambda fonksiyonu nasıl kullanılır? 12230
C#,async ve await nasıl kullanılır? 85840
C#,C# dilinde interface nedir? 17179
Python,Python'da dictionary nedir? 28572
JavaScript,JavaScript'te promise nasıl kullanılır? 67592
C#,C# ile dosya nasıl okunur? 91312
C#,LINQ ne işe yarar? 23798
Genel,Veri yapıları nelerdir? 94335
C#,LINQ ne işe yarar? 12458
Python,Python'da liste nasıl ters çevrilir? 20627
JavaScript,"var, let ve const farkları nelerdir? 6660"
C#,LINQ ne işe yarar? 61978
Genel,Recursion nedir ve ne zaman kullanılır? 73064
Genel,Stack ile Queue farkı nedir? 73142
C#,C# ile dosya nasıl okunur? 36192
Genel,OOP nedir ve dört temel özelliği nelerdir? 3101
Genel,Algoritma nedir? 34288
Python,Python'da 'with' ifadesi ne işe yarar? 39922
C#,C# ile dosya nasıl okunur? 60516
JavaScript,Arrow function nedir? 89188
Genel,Veri yapıları nelerdir? 13537
Genel,OOP nedir ve dört temel özelliği nelerdir? 39725
JavaScript,JavaScript'te closure nedir? 2852
JavaScript,Arrow function nedir? 25733
JavaScript,"var, let ve const farkları nelerdir? 19300"
Genel,Recursion nedir ve ne zaman kullanılır? 81844
Genel,Stack ile Queue farkı nedir? 31473
Python,Python'da 'with' ifadesi ne işe yarar? 16892
C#,LINQ ne işe yarar? 35734
C#,async ve await nasıl kullanılır? 30644
C#,async ve await nasıl kullanılır? 34388
C#,C# ile dosya nasıl okunur? 33441
C#,C# ile dosya nasıl okunur? 50953
C#,delegate nedir? 90322
Genel,Stack ile Queue farkı nedir? 53225
JavaScript,JavaScript'te closure nedir? 16673
JavaScript,JavaScript'te closure nedir? 37268
JavaScript,JavaScript'te promise nasıl kullanılır? 21146
Python,lambda fonksiyonu nasıl kullanılır? 81450
Python,Python'da liste nasıl ters çevrilir? 74369
JavaScript,Arrow function nedir? 11840
C#,C# ile dosya nasıl okunur? 10342
Python,Python'da liste nasıl ters çevrilir? 54795
JavaScript,JavaScript'te promise nasıl kullanılır? 64417
Python,Python'da 'with' ifadesi ne işe yarar? 30465
Genel,Stack ile Queue farkı nedir? 33056
Genel,Stack ile Queue farkı nedir? 56112
Genel,Stack ile Queue farkı nedir? 26189
Genel,Recursion nedir ve ne zaman kullanılır? 74960
Genel,Recursion nedir ve ne zaman kullanılır? 72187
JavaScript,JavaScript'te closure nedir? 64539
Genel,Recursion nedir ve ne zaman kullanılır? 64794
Python,lambda fonksiyonu nasıl kullanılır? 68739
JavaScript,JavaScript'te closure nedir? 64959
Python,Python'da dictionary nedir? 56213
C#,C# ile dosya nasıl okunur? 75848
C#,delegate nedir? 64590
Genel,OOP nedir ve dört temel özelliği nelerdir? 52357
JavaScript,"var, let ve const farkları nelerdir? 38439"
JavaScript,JavaScript'te closure nedir? 15088
Python,lambda fonksiyonu nasıl kullanılır? 94440
Python,range() fonksiyonu ne işe yarar? 89274
JavaScript,JavaScript'te closure nedir? 75994
JavaScript,JavaScript'te closure nedir? 6948
Genel,Stack ile Queue farkı nedir? 66164
C#,LINQ ne işe yarar? 77681
JavaScript,Arrow function nedir? 28440
JavaScript,JavaScript'te closure nedir? 80278
C#,C# dilinde interface nedir? 71821
Python,range() fonksiyonu ne işe yarar? 71871
Genel,Stack ile Queue farkı nedir? 30274
Genel,Algoritma nedir? 58044
Genel,OOP nedir ve dört temel özelliği nelerdir? 95553
Genel,OOP nedir ve dört temel özelliği nelerdir? 50800
Python,Python'da 'with' ifadesi ne işe yarar? 40019
C#,LINQ ne işe yarar? 31651
Python,range() fonksiyonu ne işe yarar? 202
JavaScript,JavaScript'te closure nedir? 3262
C#,LINQ ne işe yarar? 18487
C#,C# dilinde interface nedir? 56227
Genel,Stack ile Queue farkı nedir? 70223
Python,range() fonksiyonu ne işe yarar? 65221
Python,Python'da dictionary nedir? 55406
C#,LINQ ne işe yarar? 71359
C#,C# ile dosya nasıl okunur? 6469
Genel,Algoritma nedir? 84879
Python,range() fonksiyonu ne işe yarar? 35150
Genel,Stack ile Queue farkı nedir? 68885
C#,delegate nedir? 86566
C#,async ve await nasıl kullanılır? 59276
Genel,Stack ile Queue farkı nedir? 67583
Genel,Veri yapıları nelerdir? 27962
Python,Python'da liste nasıl ters çevrilir? 98749
C#,delegate nedir? 88126
C#,LINQ ne işe yarar? 99050
JavaScript,JavaScript'te closure nedir? 39991
Genel,Algoritma nedir? 60773
Python,Python'da liste nasıl ters çevrilir? 25058
Genel,Recursion nedir ve ne zaman kullanılır? 56268
C#,LINQ ne işe yarar? 8011
C#,async ve await nasıl kullanılır? 33373
C#,delegate nedir? 39767
C#,LINQ ne işe yarar? 87395
C#,LINQ ne işe yarar? 70875
C#,delegate nedir? 19240
Genel,Recursion nedir ve ne zaman kullanılır? 85132
C#,async ve await nasıl kullanılır? 22721
Python,range() fonksiyonu ne işe yarar? 23243
Python,lambda fonksiyonu nasıl kullanılır? 30881
Python,Python'da 'with' ifadesi ne işe yarar? 17320
Python,Python'da liste nasıl ters çevrilir? 61146
JavaScript,JavaScript'te closure nedir? 46893
C#,async ve await nasıl kullanılır? 27611
C#,LINQ ne işe yarar? 85269
Genel,Algoritma nedir? 98734
Genel,OOP nedir ve dört temel özelliği nelerdir? 27362
C#,C# ile dosya nasıl okunur? 32106
Genel,Algoritma nedir? 81414
Python,Python'da dictionary nedir? 74252
Genel,Veri yapıları nelerdir? 56056
Python,Python'da 'with' ifadesi ne işe yarar? 42088
JavaScript,Arrow function nedir? 5913
JavaScript,Arrow function nedir? 81848
JavaScript,JavaScript'te closure nedir? 9760
JavaScript,JavaScript'te promise nasıl kullanılır? 55993
Genel,Recursion nedir ve ne zaman kullanılır? 83054
JavaScript,"var, let ve const farkları nelerdir? 15567"
JavaScript,JavaScript'te promise nasıl kullanılır? 46835
JavaScript,Event bubbling nedir? 65919
C#,async ve await nasıl kullanılır? 17585
Genel,Veri yapıları nelerdir? 88123
Python,lambda fonksiyonu nasıl kullanılır? 51639
JavaScript,Event bubbling nedir? 92559
Genel,Algoritma nedir? 10530
Genel,OOP nedir ve dört temel özelliği nelerdir? 32482
Python,Python'da liste nasıl ters çevrilir? 75450
Python,Python'da 'with' ifadesi ne işe yarar? 33987
C#,C# ile dosya nasıl okunur? 24820
C#,LINQ ne işe yarar? 28772
C#,delegate nedir? 16870
C#,C# ile dosya nasıl okunur? 44768
Python,lambda fonksiyonu nasıl kullanılır? 25245